price,rooms,total_area_m2,floor,address,title,url
16 000 000 ₽427 807 ₽/м²,1,37.4 м²,6/7,Москва,"1-комн. квартира, 37,4 м², 6/7 этаж",https://www.cian.ru/cat.php?id_user=17950754&deal_type=sale&flat=yes&engine_version=2
25 000 000 ₽438 596 ₽/м²,2,57 м²,4/5,Москва,"2-комн. квартира, 57 м², 4/5 этаж",https://www.cian.ru/cat.php?id_user=131486046&deal_type=sale&flat=yes&engine_version=2
19 900 000 ₽209 034 ₽/м²,4,95.2 м²,1/5,Москва,"4-комн. квартира, 95,2 м², 1/5 этаж",https://www.cian.ru/cat.php?id_user=73781772&deal_type=sale&flat=yes&engine_version=2
9 150 000 ₽150 000 ₽/м²,2,61 м²,2/3,Москва,"2-комн. квартира, 61 м², 2/3 этаж",https://www.cian.ru/cat.php?id_user=9679252&deal_type=sale&flat=yes&engine_version=2
22 500 000 ₽703 125 ₽/м²,1,32 м²,7/13,Москва,"1-комн. апартаменты, 32 м², 7/13 этаж",https://www.cian.ru/cat.php?id_user=12789323&deal_type=sale&flat=yes&engine_version=2
11 340 000 ₽331 579 ₽/м²,2,34.2 м²,9/9,Москва,"2-комн. квартира, 34,2 м², 9/9 этаж",https://www.cian.ru/cat.php?id_user=305490&deal_type=sale&flat=yes&engine_version=2
18 500 000 ₽235 070 ₽/м²,4,78.7 м²,1/14,Москва,"4-комн. квартира, 78,7 м², 1/14 этаж",https://www.cian.ru/cat.php?id_user=16009406&deal_type=sale&flat=yes&engine_version=2
28 800 000 ₽429 851 ₽/м²,2,67 м²,10/14,Москва,"2-комн. квартира, 67 м², 10/14 этаж",https://www.cian.ru/cat.php?id_user=88934642&deal_type=sale&flat=yes&engine_version=2
16 000 000 ₽427 807 ₽/м²,2,37.4 м²,6/7,Москва,"2-комн. квартира, 37,4 м², 6/7 этаж",https://www.cian.ru/cat.php?id_user=17950754&deal_type=sale&flat=yes&engine_version=2
14 700 000 ₽332 579 ₽/м²,2,44.2 м²,5/9,Москва,"2-комн. квартира, 44,2 м², 5/9 этаж",https://www.cian.ru/cat.php?id_user=305490&deal_type=sale&flat=yes&engine_version=2
23 900 000 ₽398 333 ₽/м²,3,60 м²,5/9,Москва,"3-комн. квартира, 60 м², 5/9 этаж",https://www.cian.ru/cat.php?id_user=45262586&deal_type=sale&flat=yes&engine_version=2
27 000 000 ₽329 268 ₽/м²,3,82 м²,12/23,Москва,"3-комн. квартира, 82 м², 12/23 этаж",https://www.cian.ru/cat.php?id_user=185313&deal_type=sale&flat=yes&engine_version=2
21 000 000 ₽296 192 ₽/м²,3,70.9 м²,1/5,Москва,"3-комн. квартира, 70,9 м², 1/5 этаж",https://www.cian.ru/cat.php?id_user=17817&deal_type=sale&flat=yes&engine_version=2
24 600 000 ₽492 000 ₽/м²,2,50 м²,3/12,Москва,"2-комн. квартира, 50 м², 3/12 этаж",https://www.cian.ru/cat.php?id_user=58944&deal_type=sale&flat=yes&engine_version=2
20 950 000 ₽361 207 ₽/м²,3,58 м²,9/9,Москва,Продажа 3-х комнатной квартиры,https://www.cian.ru/cat.php?id_user=82693587&deal_type=sale&flat=yes&engine_version=2
26 990 000 ₽362 769 ₽/м²,3,74.4 м²,16/16,Москва,"3-комн. квартира, 74,4 м², 16/16 этаж",https://www.cian.ru/cat.php?id_user=12323908&deal_type=sale&flat=yes&engine_version=2
20 999 999 ₽231 788 ₽/м²,4,90.6 м²,2/14,Москва,"4-комн. квартира, 90,6 м², 2/14 этаж",https://www.cian.ru/cat.php?id_user=62693955&deal_type=sale&flat=yes&engine_version=2
27 500 000 ₽550 000 ₽/м²,2,50 м²,8/12,Москва,"2-комн. квартира, 50 м², 8/12 этаж",https://www.cian.ru/cat.php?id_user=58944&deal_type=sale&flat=yes&engine_version=2
23 900 000 ₽341 429 ₽/м²,3,70 м²,1/19,Москва,"3-комн. апартаменты, 70 м², 1/19 этаж",https://www.cian.ru/cat.php?id_user=32261&deal_type=sale&flat=yes&engine_version=2
16 400 000 ₽482 353 ₽/м²,1,34 м²,15/19,Москва,"1-комн. квартира, 34 м², 15/19 этаж",https://www.cian.ru/cat.php?id_user=82239212&deal_type=sale&flat=yes&engine_version=2
16 950 000 ₽169 500 ₽/м²,4,100 м²,1/5,Москва,"4-комн. квартира, 100 м², 1/5 этаж",https://www.cian.ru/cat.php?id_user=454&deal_type=sale&flat=yes&engine_version=2
14 900 000 ₽266 547 ₽/м²,3,55.9 м²,4/5,Москва,Трехкомнатная квартира Измайлово,https://www.cian.ru/cat.php?id_user=96133265&deal_type=sale&flat=yes&engine_version=2
22 600 000 ₽322 857 ₽/м²,3,70 м²,4/15,Москва,"3-комн. апартаменты, 70 м², 4/15 этаж",https://www.cian.ru/cat.php?id_user=96955&deal_type=sale&flat=yes&engine_version=2
12 990 000 ₽375 434 ₽/м²,1,34.6 м²,8/16,Москва,"1-комн. квартира, 34,6 м², 8/16 этаж",https://www.cian.ru/cat.php?id_user=9787912&deal_type=sale&flat=yes&engine_version=2
24 600 000 ₽313 776 ₽/м²,3,78.4 м²,20/22,Москва,"3-комн. квартира, 78,4 м², 20/22 этаж",https://www.cian.ru/cat.php?id_user=21381&deal_type=sale&flat=yes&engine_version=2
7 850 000 ₽290 741 ₽/м²,Студия,27 м²,6/15,Москва,Студия с ремонтом,https://www.cian.ru/cat.php?id_user=86432482&deal_type=sale&flat=yes&engine_version=2
21 500 000 ₽286 285 ₽/м²,4,75.1 м²,2/14,Москва,"4-комн. квартира, 75,1 м², 2/14 этаж",https://www.cian.ru/cat.php?id_user=12480076&deal_type=sale&flat=yes&engine_version=2
28 390 000 ₽506 964 ₽/м²,2,56 м²,9/24,Москва,"2-комн. апартаменты, 56 м², 9/24 этаж",https://www.cian.ru/cat.php?id_user=48528697&deal_type=sale&flat=yes&engine_version=2
22 000 000 ₽362 438 ₽/м²,3,60.7 м²,6/12,Москва,"3-комн. квартира, 60,7 м², 6/12 этаж",https://www.cian.ru/cat.php?id_user=80422298&deal_type=sale&flat=yes&engine_version=2
25 500 000 ₽510 000 ₽/м²,2,50 м²,6/9,Москва,"2-комн. квартира, 50 м², 6/9 этаж",https://www.cian.ru/cat.php?id_user=67649507&deal_type=sale&flat=yes&engine_version=2
21 750 000 ₽260 479 ₽/м²,3,83.5 м²,7/14,Москва,"3-комн. квартира, 83,5 м², 7/14 этаж",https://www.cian.ru/cat.php?id_user=96955&deal_type=sale&flat=yes&engine_version=2
15 450 000 ₽211 644 ₽/м²,2,73 м²,1/17,Москва,Просторная двухкомнатная квартира,https://www.cian.ru/cat.php?id_user=96035971&deal_type=sale&flat=yes&engine_version=2
18 500 000 ₽301 794 ₽/м²,3,61.3 м²,8/12,Москва,"3-комн. квартира, 61,3 м², 8/12 этаж",https://www.cian.ru/cat.php?id_user=16009406&deal_type=sale&flat=yes&engine_version=2
28 000 000 ₽452 342 ₽/м²,2,61.9 м²,23/27,Москва,"2-комн. квартира, 61,9 м², 23/27 этаж",https://www.cian.ru/cat.php?id_user=49314598&deal_type=sale&flat=yes&engine_version=2
12 700 000 ₽317 500 ₽/м²,1,40 м²,2/11,Москва,"1-комн. квартира, 40 м², 2/11 этаж",https://www.cian.ru/cat.php?id_user=45262586&deal_type=sale&flat=yes&engine_version=2
15 900 000 ₽436 813 ₽/м²,1,36.4 м²,7/17,Москва,"1-комн. квартира, 36,4 м², 7/17 этаж",https://www.cian.ru/cat.php?id_user=106340623&deal_type=sale&flat=yes&engine_version=2
21 050 000 ₽283 311 ₽/м²,3,74.3 м²,1/5,Москва,"3х комнатная квартира 74,3 м²!",https://www.cian.ru/cat.php?id_user=886987&deal_type=sale&flat=yes&engine_version=2
15 850 000 ₽456 772 ₽/м²,2,34.7 м²,3/9,Москва,"2-комн. квартира, 34,7 м², 3/9 этаж",https://www.cian.ru/cat.php?id_user=117457659&deal_type=sale&flat=yes&engine_version=2
23 688 000 ₽470 000 ₽/м²,3,50.4 м²,7/23,Москва,"3-комн. апартаменты, 50,4 м², 7/23 этаж",https://www.cian.ru/cat.php?id_user=96955&deal_type=sale&flat=yes&engine_version=2
9 650 000 ₽271 831 ₽/м²,1,35.5 м²,1/9,Москва,"1-комн. квартира, 35,5 м², 1/9 этаж",https://www.cian.ru/cat.php?id_user=454&deal_type=sale&flat=yes&engine_version=2
21 800 000 ₽290 667 ₽/м²,3,75 м²,11/25,Москва,"3-комн. квартира, 75 м², 11/25 этаж",https://www.cian.ru/cat.php?id_user=32261&deal_type=sale&flat=yes&engine_version=2
14 000 000 ₽368 421 ₽/м²,2,38 м²,1/9,Москва,"2-комн. квартира, 38 м², 1/9 этаж",https://www.cian.ru/cat.php?id_user=13033135&deal_type=sale&flat=yes&engine_version=2
23 990 000 ₽444 259 ₽/м²,3,54 м²,6/9,Москва,Трехкомнатная квартира мечты!,https://www.cian.ru/cat.php?id_user=17950754&deal_type=sale&flat=yes&engine_version=2
29 500 000 ₽341 040 ₽/м²,4,86.5 м²,7/22,Москва,Просторная 4-комнатная квартира,https://www.cian.ru/cat.php?id_user=13187524&deal_type=sale&flat=yes&engine_version=2
19 500 000 ₽300 000 ₽/м²,3,65 м²,1/9,Москва,"3-комн. квартира, 65 м², 1/9 этаж",https://www.cian.ru/cat.php?id_user=134796&deal_type=sale&flat=yes&engine_version=2
19 200 000 ₽309 677 ₽/м²,2,62 м²,20/20,Москва,"2-комн. квартира, 62 м², 20/20 этаж",https://www.cian.ru/cat.php?id_user=45756925&deal_type=sale&flat=yes&engine_version=2
23 200 000 ₽319 120 ₽/м²,3,72.7 м²,3/5,Москва,"3-комн. кв., 72.7 м², 3/5 этаж",https://www.cian.ru/cat.php?id_user=11048289&deal_type=sale&flat=yes&engine_version=2
22 900 000 ₽416 364 ₽/м²,2,55 м²,4/12,Москва,"2-комн. квартира, 55 м², 4/12 этаж",https://www.cian.ru/cat.php?id_user=109013351&deal_type=sale&flat=yes&engine_version=2
20 999 000 ₽386 011 ₽/м²,3,54.4 м²,19/19,Москва,"3-комн. квартира, 54,4 м², 19/19 этаж",https://www.cian.ru/cat.php?id_user=86432482&deal_type=sale&flat=yes&engine_version=2
18 500 000 ₽195 560 ₽/м²,3,94.6 м²,2/17,Москва,"3-комн. квартира, 94,6 м², 2/17 этаж",https://www.cian.ru/cat.php?id_user=17817&deal_type=sale&flat=yes&engine_version=2
14 100 000 ₽320 455 ₽/м²,2,44 м²,9/9,Москва,"2-комн. квартира, 44 м², 9/9 этаж",https://www.cian.ru/cat.php?id_user=13299034&deal_type=sale&flat=yes&engine_version=2
21 500 000 ₽279 221 ₽/м²,3,77 м²,7/25,Москва,"3-комн. кв., 77 м², 7/25 этаж",https://www.cian.ru/cat.php?id_user=11048289&deal_type=sale&flat=yes&engine_version=2
18 500 000 ₽261 669 ₽/м²,3,70.7 м²,16/16,Москва,"3-комн. кв., 70.7 м²",https://www.cian.ru/cat.php?id_user=11048289&deal_type=sale&flat=yes&engine_version=2
23 800 000 ₽309 091 ₽/м²,2,77 м²,2/9,Москва,"2-комн. квартира, 77 м², 2/9 этаж",https://www.cian.ru/cat.php?id_user=96955&deal_type=sale&flat=yes&engine_version=2
22 900 000 ₽492 473 ₽/м²,2,46.5 м²,4/8,Москва,"2-комн. квартира, 46,5 м², 4/8 этаж",https://www.cian.ru/cat.php?id_user=123860344&deal_type=sale&flat=yes&engine_version=2
18 000 000 ₽335 196 ₽/м²,2,53.7 м²,6/12,Москва,"2-комнатная квартира, Москва",https://www.cian.ru/cat.php?id_user=16009406&deal_type=sale&flat=yes&engine_version=2
16 700 000 ₽278 333 ₽/м²,2,60 м²,13/14,Москва,"2-комн. квартира, 60 м², 13/14 этаж",https://www.cian.ru/cat.php?id_user=1689268&deal_type=sale&flat=yes&engine_version=2
17 500 000 ₽333 333 ₽/м²,2,52.5 м²,10/12,Москва,"2-комн. квартира, 52,5 м², 10/12 этаж",https://www.cian.ru/cat.php?id_user=82693587&deal_type=sale&flat=yes&engine_version=2
11 680 000 ₽315 676 ₽/м²,1,37 м²,6/12,Москва,"1-комн. квартира, 37 м², 6/12 этаж",https://www.cian.ru/cat.php?id_user=134796&deal_type=sale&flat=yes&engine_version=2
15 500 000 ₽309 381 ₽/м²,3,50.1 м²,15/17,Москва,"3-комн. 50.1 м², 15/17 эт",https://www.cian.ru/cat.php?id_user=11048289&deal_type=sale&flat=yes&engine_version=2
25 000 000 ₽618 812 ₽/м²,1,40.4 м²,22/22,Москва,"1-комн. квартира, 40,4 м², 22/22 этаж",https://www.cian.ru/cat.php?id_user=90136494&deal_type=sale&flat=yes&engine_version=2
15 500 000 ₽188 794 ₽/м²,3,82.1 м²,3/4,Москва,"3-комн. квартира, 82,1 м², 3/4 этаж",https://www.cian.ru/cat.php?id_user=886987&deal_type=sale&flat=yes&engine_version=2
7 900 000 ₽323 770 ₽/м²,1,24.4 м²,2/2,Москва,"1-комн. апартаменты, 24,4 м², 2/2 этаж",https://www.cian.ru/cat.php?id_user=101232642&deal_type=sale&flat=yes&engine_version=2
15 500 000 ₽301 498 ₽/м²,3,51.41 м²,13/15,Москва,"3-комн. апартаменты, 51,41 м², 13/15 этаж",https://www.cian.ru/cat.php?id_user=86432482&deal_type=sale&flat=yes&engine_version=2
10 200 000 ₽289 773 ₽/м²,1,35.2 м²,2/12,Москва,"1-комн. квартира, 35,2 м², 2/12 этаж",https://www.cian.ru/cat.php?id_user=53927433&deal_type=sale&flat=yes&engine_version=2
24 500 000 ₽555 556 ₽/м²,2,44.1 м²,25/55,Москва,"2-комн. квартира, 44,1 м², 25/55 этаж",https://www.cian.ru/cat.php?id_user=82693587&deal_type=sale&flat=yes&engine_version=2
11 600 000 ₽362 500 ₽/м²,1,32 м²,6/9,Москва,"1-комн. квартира, 32 м², 6/9 этаж",https://www.cian.ru/cat.php?id_user=17383766&deal_type=sale&flat=yes&engine_version=2
20 999 000 ₽256 085 ₽/м²,3,82 м²,1/5,Москва,"3-комн. кв., 82 м², 1/5 этаж",https://www.cian.ru/cat.php?id_user=11048289&deal_type=sale&flat=yes&engine_version=2
11 300 000 ₽255 079 ₽/м²,2,44.3 м²,6/9,Москва,"2-комн. квартира, 44,3 м², 6/9 этаж",https://www.cian.ru/cat.php?id_user=454&deal_type=sale&flat=yes&engine_version=2
21 490 000 ₽539 950 ₽/м²,1,39.8 м²,3/30,Москва,"1-комн. квартира, 39,8 м², 3/30 этаж",https://www.cian.ru/cat.php?id_user=96955&deal_type=sale&flat=yes&engine_version=2
14 700 000 ₽432 353 ₽/м²,2,34 м²,9/9,Москва,"2-комн. квартира, 34 м², 9/9 этаж",https://www.cian.ru/cat.php?id_user=51623189&deal_type=sale&flat=yes&engine_version=2
16 500 000 ₽232 722 ₽/м²,3,70.9 м²,1/14,Москва,"3-комн. квартира, 70,9 м², 1/14 этаж",https://www.cian.ru/cat.php?id_user=56222271&deal_type=sale&flat=yes&engine_version=2
10 500 000 ₽381 818 ₽/м²,1,27.5 м²,6/12,Москва,"1-комн. квартира, 27,5 м², 6/12 этаж",https://www.cian.ru/cat.php?id_user=80422298&deal_type=sale&flat=yes&engine_version=2
22 100 000 ₽350 794 ₽/м²,3,63 м²,14/14,Москва,"3-комн. квартира, 63 м², 14/14 этаж",https://www.cian.ru/cat.php?id_user=17950754&deal_type=sale&flat=yes&engine_version=2
6 465 000 ₽185 244 ₽/м²,1,16 м²,2/3,Москва,"1-комн. квартира, 34,9 м², 2/3 этаж",https://www.cian.ru/cat.php?id_user=87162081&deal_type=sale&flat=yes&engine_version=2
22 500 000 ₽357 143 ₽/м²,2,63 м²,6/23,Москва,"2-комн. квартира, 63 м², 6/23 этаж",https://www.cian.ru/cat.php?id_user=96955&deal_type=sale&flat=yes&engine_version=2
6 650 000 ₽182 192 ₽/м²,1,6 м²,2/3,Москва,"1-комн. квартира, 36,5 м², 2/3 этаж",https://www.cian.ru/cat.php?id_user=87162081&deal_type=sale&flat=yes&engine_version=2
16 400 000 ₽380 510 ₽/м²,1,43.1 м²,24/28,Москва,"1-комн. квартира, 43,1 м², 24/28 этаж",https://www.cian.ru/cat.php?id_user=86432482&deal_type=sale&flat=yes&engine_version=2
10 600 000 ₽286 486 ₽/м²,1,37 м²,3/17,Москва,"1-комн. апартаменты, 37 м², 3/17 этаж",https://www.cian.ru/cat.php?id_user=49314598&deal_type=sale&flat=yes&engine_version=2
15 800 000 ₽371 765 ₽/м²,1,42.5 м²,2/28,Москва,"1-комн. квартира, 42,5 м², 2/28 этаж",https://www.cian.ru/cat.php?id_user=86432482&deal_type=sale&flat=yes&engine_version=2
12 750 000 ₽354 167 ₽/м²,1,36 м²,8/10,Москва,"1-комн. квартира, 36 м², 8/10 этаж",https://www.cian.ru/cat.php?id_user=56876478&deal_type=sale&flat=yes&engine_version=2
13 400 000 ₽230 241 ₽/м²,3,58.2 м²,4/9,Москва,"3-комн. квартира, 58,2 м², 4/9 этаж",https://www.cian.ru/cat.php?id_user=80422298&deal_type=sale&flat=yes&engine_version=2
14 650 000 ₽332 955 ₽/м²,2,44 м²,16/16,Москва,"2-комн. квартира, 44 м², 16/16 этаж",https://www.cian.ru/cat.php?id_user=12284317&deal_type=sale&flat=yes&engine_version=2
17 300 000 ₽293 718 ₽/м²,3,58.9 м²,9/10,Москва,"3-комн. квартира, 58,9 м², 9/10 этаж",https://www.cian.ru/cat.php?id_user=78134362&deal_type=sale&flat=yes&engine_version=2
14 999 000 ₽288 442 ₽/м²,2,52 м²,4/12,Москва,"2-комн. квартира, 52 м², 4/12 этаж",https://www.cian.ru/cat.php?id_user=107641596&deal_type=sale&flat=yes&engine_version=2
20 400 000 ₽477 752 ₽/м²,2,42.7 м²,20/33,Москва,"2-комн. квартира, 42,7 м², 20/33 этаж",https://www.cian.ru/cat.php?id_user=134796&deal_type=sale&flat=yes&engine_version=2
17 000 000 ₽337 302 ₽/м²,2,50.4 м²,5/14,Москва,"2-комн. квартира, 50,4 м², 5/14 этаж",https://www.cian.ru/cat.php?id_user=71251391&deal_type=sale&flat=yes&engine_version=2
20 600 000 ₽364 602 ₽/м²,2,56.5 м²,1/5,Москва,"2-комн. квартира, 56,5 м², 1/5 этаж",https://www.cian.ru/cat.php?id_user=123860344&deal_type=sale&flat=yes&engine_version=2
17 200 000 ₽259 819 ₽/м²,3,66.2 м²,7/10,Москва,"3-комн. квартира, 66,2 м², 7/10 этаж",https://www.cian.ru/cat.php?id_user=335209&deal_type=sale&flat=yes&engine_version=2
17 999 999 ₽243 572 ₽/м²,3,73.9 м²,3/3,Москва,"3-комн. квартира, 73,9 м², 3/3 этаж",https://www.cian.ru/cat.php?id_user=565329&deal_type=sale&flat=yes&engine_version=2
25 500 000 ₽510 000 ₽/м²,2,50 м²,6/9,Москва,"2-комн. квартира, 50 м², 6/9 этаж",https://www.cian.ru/cat.php?id_user=67649507&deal_type=sale&flat=yes&engine_version=2
22 000 000 ₽488 889 ₽/м²,1,45 м²,26/30,Москва,"1-комн. квартира, 45 м², 26/30 этаж",https://www.cian.ru/cat.php?id_user=96955&deal_type=sale&flat=yes&engine_version=2
23 500 000 ₽474 747 ₽/м²,2,49.5 м²,6/23,Москва,"2-комн. квартира, 49,5 м², 6/23 этаж",https://www.cian.ru/cat.php?id_user=11048289&deal_type=sale&flat=yes&engine_version=2
13 100 000 ₽344 737 ₽/м²,1,38 м²,3/14,Москва,"1-комн. квартира, 38 м², 3/14 этаж",https://www.cian.ru/cat.php?id_user=1689268&deal_type=sale&flat=yes&engine_version=2
29 000 000 ₽674 419 ₽/м²,2,43 м²,5/6,Москва,"2-комн. квартира, 43 м², 5/6 этаж",https://www.cian.ru/cat.php?id_user=50227&deal_type=sale&flat=yes&engine_version=2
16 600 000 ₽263 074 ₽/м²,3,63.1 м²,6/12,Москва,"3-комн. квартира, 63,1 м², 6/12 этаж",https://www.cian.ru/cat.php?id_user=80422298&deal_type=sale&flat=yes&engine_version=2
18 700 000 ₽397 872 ₽/м²,2,47 м²,7/9,Москва,"2-комн. квартира, 47 м², 7/9 этаж",https://www.cian.ru/cat.php?id_user=88204702&deal_type=sale&flat=yes&engine_version=2
18 700 000 ₽310 631 ₽/м²,2,60.2 м²,4/9,Москва,"2-комн. квартира, 60,2 м², 4/9 этаж",https://www.cian.ru/cat.php?id_user=125224028&deal_type=sale&flat=yes&engine_version=2
6 650 000 ₽182 192 ₽/м²,1,6 м²,2/3,Москва,"1-комн. квартира, 36,5 м², 2/3 этаж",https://www.cian.ru/cat.php?id_user=87162081&deal_type=sale&flat=yes&engine_version=2
18 500 000 ₽304 226 ₽/м²,2,60.81 м²,12/12,Москва,"2-комн. квартира, 60,81 м², 12/12 этаж",https://www.cian.ru/cat.php?id_user=9679252&deal_type=sale&flat=yes&engine_version=2
15 500 000 ₽262 712 ₽/м²,3,59 м²,5/9,Москва,"3-комн. квартира, 59 м², 5/9 этаж",https://www.cian.ru/cat.php?id_user=134796&deal_type=sale&flat=yes&engine_version=2
17 325 000 ₽292 159 ₽/м²,3,59.3 м²,9/9,Москва,"3-комн. квартира, 59,3 м², 9/9 этаж",https://www.cian.ru/cat.php?id_user=454&deal_type=sale&flat=yes&engine_version=2
16 000 000 ₽205 392 ₽/м²,3,77.9 м²,9/14,Москва,"3-комн. квартира, 77,9 м², 9/14 этаж",https://www.cian.ru/cat.php?id_user=1689268&deal_type=sale&flat=yes&engine_version=2
18 500 000 ₽533 141 ₽/м²,1,34.7 м²,9/14,Москва,"1-комн. квартира, 34,7 м², 9/14 этаж",https://www.cian.ru/cat.php?id_user=10310682&deal_type=sale&flat=yes&engine_version=2
22 900 000 ₽601 050 ₽/м²,1,38.1 м²,20/22,Москва,"1-комн. квартира, 38,1 м², 20/22 этаж",https://www.cian.ru/cat.php?id_user=86432482&deal_type=sale&flat=yes&engine_version=2
9 800 000 ₽245 000 ₽/м²,1,40 м²,13/16,Москва,"1-комн. квартира, 40 м², 13/16 этаж",https://www.cian.ru/cat.php?id_user=4367&deal_type=sale&flat=yes&engine_version=2
24 700 000 ₽418 644 ₽/м²,2,59 м²,5/19,Москва,"2-комн. апартаменты, 59 м², 5/19 этаж",https://www.cian.ru/cat.php?id_user=49314598&deal_type=sale&flat=yes&engine_version=2
15 000 000 ₽237 718 ₽/м²,4,63.1 м²,5/9,Москва,4-комнатная по цене 3-комнатной,https://www.cian.ru/cat.php?id_user=86432482&deal_type=sale&flat=yes&engine_version=2
21 021 000 ₽356 288 ₽/м²,2,59 м²,5/22,Москва,"2-комн. квартира, 59 м², 5/22 этаж",https://www.cian.ru/cat.php?id_user=86432482&deal_type=sale&flat=yes&engine_version=2
17 000 000 ₽450 928 ₽/м²,2,37.7 м²,2/9,Москва,"2-комн. квартира, 37,7 м², 2/9 этаж",https://www.cian.ru/cat.php?id_user=52316761&deal_type=sale&flat=yes&engine_version=2
21 021 000 ₽356 288 ₽/м²,2,59 м²,5/22,Москва,"2-комн. квартира, 59 м², 5/22 этаж",https://www.cian.ru/cat.php?id_user=86432482&deal_type=sale&flat=yes&engine_version=2
15 000 000 ₽333 333 ₽/м²,2,45 м²,10/21,Москва,"2-комн. апартаменты, 45 м², 10/21 этаж",https://www.cian.ru/cat.php?id_user=48341215&deal_type=sale&flat=yes&engine_version=2
24 500 000 ₽680 556 ₽/м²,1,36 м²,3/20,Москва,"1-комн. квартира, 36 м², 3/20 этаж",https://www.cian.ru/cat.php?id_user=86432482&deal_type=sale&flat=yes&engine_version=2
15 785 000 ₽308 904 ₽/м²,2,51.1 м²,5/17,Москва,"2-комн. апартаменты, 51,1 м², 5/17 этаж",https://www.cian.ru/cat.php?id_user=96475243&deal_type=sale&flat=yes&engine_version=2
17 300 000 ₽265 337 ₽/м²,3,65.2 м²,3/5,Москва,"3-комн. квартира, 65,2 м², 3/5 этаж",https://www.cian.ru/cat.php?id_user=32261&deal_type=sale&flat=yes&engine_version=2
15 800 000 ₽355 056 ₽/м²,2,44.5 м²,1/12,Москва,"2-комн. квартира, 44,5 м², 1/12 этаж",https://www.cian.ru/cat.php?id_user=12323908&deal_type=sale&flat=yes&engine_version=2
13 800 000 ₽313 636 ₽/м²,2,44 м²,1/9,Москва,"2-комн. квартира, 44 м², 1/9 этаж",https://www.cian.ru/cat.php?id_user=134796&deal_type=sale&flat=yes&engine_version=2
16 500 000 ₽366 667 ₽/м²,2,45 м²,3/5,Москва,"2-комн. квартира, 45 м², 3/5 этаж",https://www.cian.ru/cat.php?id_user=14147214&deal_type=sale&flat=yes&engine_version=2
21 500 000 ₽346 774 ₽/м²,3,62 м²,6/22,Москва,"3-комн. апартаменты, 62 м², 6/22 этаж",https://www.cian.ru/cat.php?id_user=11048289&deal_type=sale&flat=yes&engine_version=2
17 000 000 ₽427 136 ₽/м²,1,39.8 м²,3/20,Москва,"1-комн. квартира, 39,8 м², 3/20 этаж",https://www.cian.ru/cat.php?id_user=15144&deal_type=sale&flat=yes&engine_version=2
21 000 000 ₽350 000 ₽/м²,2,60 м²,1/17,Москва,"2-комн. квартира, 60 м², 1/17 этаж",https://www.cian.ru/cat.php?id_user=86432482&deal_type=sale&flat=yes&engine_version=2
16 900 000 ₽331 373 ₽/м²,2,51 м²,1/12,Москва,"2-комн. квартира, 51 м², 1/12 этаж",https://www.cian.ru/cat.php?id_user=127259664&deal_type=sale&flat=yes&engine_version=2
21 699 000 ₽404 832 ₽/м²,2,53.6 м²,17/21,Москва,"2-комн. квартира, 53,6 м², 17/21 этаж",https://www.cian.ru/cat.php?id_user=123860344&deal_type=sale&flat=yes&engine_version=2
17 211 750 ₽216 500 ₽/м²,2,79.5 м²,5/45,Москва,"2-комн. квартира, 79,5 м², 5/45 этаж",https://www.cian.ru/cat.php?id_user=7759914&deal_type=sale&flat=yes&engine_version=2
23 500 000 ₽566 265 ₽/м²,1,41.5 м²,25/30,Москва,"1-комн. квартира, 41,5 м², 25/30 этаж",https://www.cian.ru/cat.php?id_user=86432482&deal_type=sale&flat=yes&engine_version=2
17 732 000 ₽220 000 ₽/м²,2,80.6 м²,15/45,Москва,"2-комн. квартира, 80,6 м², 15/45 этаж",https://www.cian.ru/cat.php?id_user=7759914&deal_type=sale&flat=yes&engine_version=2
21 950 000 ₽451 646 ₽/м²,1,48.6 м²,7/7,Москва,"1-комн. апартаменты, 48,6 м², 7/7 этаж",https://www.cian.ru/cat.php?id_user=12369743&deal_type=sale&flat=yes&engine_version=2
20 450 000 ₽351 556 ₽/м²,2,58.17 м²,13/19,Москва,"2-комн. квартира, 58,17 м², 13/19 этаж",https://www.cian.ru/cat.php?id_user=49314598&deal_type=sale&flat=yes&engine_version=2
18 900 000 ₽313 953 ₽/м²,2,60.2 м²,10/16,Москва,"2-комн. квартира, 60,2 м², 10/16 этаж",https://www.cian.ru/cat.php?id_user=86432482&deal_type=sale&flat=yes&engine_version=2
6 000 000 ₽177 515 ₽/м²,1,33.8 м²,2/5,Москва,"1-комн. квартира, 33,8 м², 2/5 этаж",https://www.cian.ru/cat.php?id_user=251984&deal_type=sale&flat=yes&engine_version=2
15 000 000 ₽333 333 ₽/м²,2,45 м²,10/21,Москва,"2-комн. апартаменты, 45 м², 10/21 этаж",https://www.cian.ru/cat.php?id_user=48341215&deal_type=sale&flat=yes&engine_version=2
18 500 000 ₽288 162 ₽/м²,3,64.2 м²,12/12,Москва,"3-комн. квартира, 64,2 м², 12/12 этаж",https://www.cian.ru/cat.php?id_user=96035971&deal_type=sale&flat=yes&engine_version=2
16 500 000 ₽458 333 ₽/м²,2,36 м²,11/21,Москва,"2-комн. апартаменты, 36 м², 11/21 этаж",https://www.cian.ru/cat.php?id_user=61579604&deal_type=sale&flat=yes&engine_version=2
15 300 000 ₽259 762 ₽/м²,3,58.9 м²,8/9,Москва,"3-комн. квартира, 58,9 м², 8/9 этаж",https://www.cian.ru/cat.php?id_user=86432482&deal_type=sale&flat=yes&engine_version=2
18 500 000 ₽325 991 ₽/м²,2,56.75 м²,23/25,Москва,"2-комн. квартира, 56,75 м², 23/25 этаж",https://www.cian.ru/cat.php?id_user=49314598&deal_type=sale&flat=yes&engine_version=2
14 650 000 ₽332 955 ₽/м²,2,44 м²,16/16,Москва,"2-комн. квартира, 44 м², 16/16 этаж",https://www.cian.ru/cat.php?id_user=12284317&deal_type=sale&flat=yes&engine_version=2
19 500 000 ₽456 674 ₽/м²,2,42.7 м²,17/31,Москва,"2-комн. квартира, 42,7 м², 17/31 этаж",https://www.cian.ru/cat.php?id_user=12924&deal_type=sale&flat=yes&engine_version=2
15 400 000 ₽405 263 ₽/м²,1,38 м²,13/17,Москва,"1-комн. квартира, 38 м², 13/17 этаж",https://www.cian.ru/cat.php?id_user=454&deal_type=sale&flat=yes&engine_version=2
15 000 000 ₽292 398 ₽/м²,2,51.3 м²,4/12,Москва,"2-комн. квартира, 51,3 м², 4/12 этаж",https://www.cian.ru/cat.php?id_user=11048289&deal_type=sale&flat=yes&engine_version=2
12 800 000 ₽294 931 ₽/м²,2,43.4 м²,2/9,Москва,"2-комн. кв., 43.4 м², 2/9 этаж",https://www.cian.ru/cat.php?id_user=11048289&deal_type=sale&flat=yes&engine_version=2
19 800 000 ₽600 000 ₽/м²,1,33 м²,18/28,Москва,"1-комн. квартира, 33 м², 18/28 этаж",https://www.cian.ru/cat.php?id_user=86432482&deal_type=sale&flat=yes&engine_version=2
14 700 000 ₽442 771 ₽/м²,1,33.2 м²,9/9,Москва,"1-комн. квартира, 33,2 м², 9/9 этаж",https://www.cian.ru/cat.php?id_user=13347386&deal_type=sale&flat=yes&engine_version=2
19 600 000 ₽271 468 ₽/м²,3,72.2 м²,4/14,Москва,"3-комн. квартира, 72,2 м², 4/14 этаж",https://www.cian.ru/cat.php?id_user=1689268&deal_type=sale&flat=yes&engine_version=2
20 800 000 ₽332 268 ₽/м²,3,62.6 м²,10/12,Москва,"3-комн. квартира, 62,6 м², 10/12 этаж",https://www.cian.ru/cat.php?id_user=97771566&deal_type=sale&flat=yes&engine_version=2
22 900 000 ₽643 258 ₽/м²,2,35.6 м²,3/14,Москва,"2-комн. квартира, 35,6 м², 3/14 этаж",https://www.cian.ru/cat.php?id_user=89915137&deal_type=sale&flat=yes&engine_version=2
25 490 000 ₽579 318 ₽/м²,1,44 м²,20/30,Москва,"1-комн. квартира, 44 м², 20/30 этаж",https://www.cian.ru/cat.php?id_user=29360429&deal_type=sale&flat=yes&engine_version=2
17 211 750 ₽216 500 ₽/м²,2,79.5 м²,5/45,Москва,"2-комн. квартира, 79,5 м², 5/45 этаж",https://www.cian.ru/cat.php?id_user=7759914&deal_type=sale&flat=yes&engine_version=2
17 200 000 ₽259 819 ₽/м²,3,66.2 м²,7/10,Москва,"3-комн. квартира, 66,2 м², 7/10 этаж",https://www.cian.ru/cat.php?id_user=335209&deal_type=sale&flat=yes&engine_version=2
17 211 750 ₽216 500 ₽/м²,2,79.5 м²,5/45,Москва,"2-комн. квартира, 79,5 м², 5/45 этаж",https://www.cian.ru/cat.php?id_user=7759914&deal_type=sale&flat=yes&engine_version=2
10 000 000 ₽312 500 ₽/м²,1,32 м²,1/9,Москва,"1-комн. квартира, 32 м², 1/9 этаж",https://www.cian.ru/cat.php?id_user=886987&deal_type=sale&flat=yes&engine_version=2
17 732 000 ₽220 000 ₽/м²,2,80.6 м²,15/45,Москва,"2-комн. квартира, 80,6 м², 15/45 этаж",https://www.cian.ru/cat.php?id_user=7759914&deal_type=sale&flat=yes&engine_version=2
15 000 000 ₽294 695 ₽/м²,2,50.9 м²,8/12,Москва,"2-комн. квартира, 50,9 м², 8/12 этаж",https://www.cian.ru/cat.php?id_user=53480503&deal_type=sale&flat=yes&engine_version=2
23 900 000 ₽449 248 ₽/м²,2,53.2 м²,3/15,Москва,"2-комн. квартира, 53,2 м², 3/15 этаж",https://www.cian.ru/cat.php?id_user=86432482&deal_type=sale&flat=yes&engine_version=2
19 400 000 ₽636 066 ₽/м²,1,30.5 м²,2/9,Москва,"1-комн. квартира, 30,5 м², 2/9 этаж",https://www.cian.ru/cat.php?id_user=50974643&deal_type=sale&flat=yes&engine_version=2
14 399 000 ₽411 400 ₽/м²,1,35 м²,3/12,Москва,"1-комн. квартира, 35 м², 3/12 этаж",https://www.cian.ru/cat.php?id_user=15561797&deal_type=sale&flat=yes&engine_version=2
20 000 000 ₽410 678 ₽/м²,2,48.7 м²,4/8,Москва,"2-комн. квартира, 48,7 м², 4/8 этаж",https://www.cian.ru/cat.php?id_user=12323908&deal_type=sale&flat=yes&engine_version=2
21 999 000 ₽338 446 ₽/м²,3,65 м²,6/18,Москва,"3-комн. апартаменты, 65 м², 6/18 этаж",https://www.cian.ru/cat.php?id_user=10127440&deal_type=sale&flat=yes&engine_version=2
18 000 000 ₽465 116 ₽/м²,1,38.7 м²,2/7,Москва,"1-комн. квартира, 38,7 м², 2/7 этаж",https://www.cian.ru/cat.php?id_user=21099&deal_type=sale&flat=yes&engine_version=2
19 990 000 ₽516 537 ₽/м²,1,38.7 м²,2/7,Москва,Просторная однокомнатная квартира,https://www.cian.ru/cat.php?id_user=87069556&deal_type=sale&flat=yes&engine_version=2
22 500 000 ₽387 931 ₽/м²,2,58 м²,5/5,Москва,"2-комн. квартира, 58 м², 5/5 этаж",https://www.cian.ru/cat.php?id_user=9679252&deal_type=sale&flat=yes&engine_version=2
28 990 000 ₽461 624 ₽/м²,3,62.8 м²,22/31,Москва,"3-комн. квартира, 62,8 м², 22/31 этаж",https://www.cian.ru/cat.php?id_user=13378&deal_type=sale&flat=yes&engine_version=2
17 200 000 ₽281 046 ₽/м²,2,61.2 м²,3/9,Москва,"2-комн. квартира, 61,2 м², 3/9 этаж",https://www.cian.ru/cat.php?id_user=123860344&deal_type=sale&flat=yes&engine_version=2
17 490 000 ₽203 846 ₽/м²,4,85.8 м²,9/15,Москва,"4-комн. квартира, 85,8 м², 9/15 этаж",https://www.cian.ru/cat.php?id_user=32261&deal_type=sale&flat=yes&engine_version=2
11 490 000 ₽166 522 ₽/м²,3,69 м²,4/5,Москва,"3-комн. апартаменты, 69 м², 4/5 этаж",https://www.cian.ru/cat.php?id_user=32261&deal_type=sale&flat=yes&engine_version=2
22 300 000 ₽547 912 ₽/м²,1,40.7 м²,8/25,Москва,"1-ком. кв., 40.7 м², 8/25 этаж",https://www.cian.ru/cat.php?id_user=11048289&deal_type=sale&flat=yes&engine_version=2
7 490 000 ₽374 500 ₽/м²,1,20 м²,6/21,Москва,"1-комн. апартаменты, 20 м², 6/21 этаж",https://www.cian.ru/cat.php?id_user=96955&deal_type=sale&flat=yes&engine_version=2
14 800 000 ₽258 290 ₽/м²,2,57.3 м²,2/14,Москва,"2-комн. квартира, 57,3 м², 2/14 этаж",https://www.cian.ru/cat.php?id_user=86432482&deal_type=sale&flat=yes&engine_version=2
7 500 000 ₽241 935 ₽/м²,1,31 м²,2/5,Москва,"1-комн. квартира, 31 м², 2/5 этаж",https://www.cian.ru/cat.php?id_user=251984&deal_type=sale&flat=yes&engine_version=2
20 800 000 ₽332 268 ₽/м²,3,62.6 м²,10/12,Москва,"3-комн. квартира, 62,6 м², 10/12 этаж",https://www.cian.ru/cat.php?id_user=97771566&deal_type=sale&flat=yes&engine_version=2
7 850 000 ₽290 741 ₽/м²,Студия,27 м²,6/15,Москва,Студия с ремонтом,https://www.cian.ru/cat.php?id_user=86432482&deal_type=sale&flat=yes&engine_version=2
13 700 000 ₽261 450 ₽/м²,2,52.4 м²,13/15,Москва,"2-комн. квартира, 52,4 м², 13/15 этаж",https://www.cian.ru/cat.php?id_user=86432482&deal_type=sale&flat=yes&engine_version=2
8 000 000 ₽201 511 ₽/м²,1,39.7 м²,9/12,Москва,"1-комн. квартира, 39,7 м², 9/12 этаж",https://www.cian.ru/cat.php?id_user=251984&deal_type=sale&flat=yes&engine_version=2
24 499 000 ₽462 245 ₽/м²,2,53 м²,15/25,Москва,"2-комн. кв., 53 м², 15/25 этаж",https://www.cian.ru/cat.php?id_user=11048289&deal_type=sale&flat=yes&engine_version=2
8 390 000 ₽152 545 ₽/м²,2,55 м²,1/6,Москва,"2-комн. квартира, 55 м², 1/6 этаж",https://www.cian.ru/cat.php?id_user=100913092&deal_type=sale&flat=yes&engine_version=2
24 400 000 ₽511 530 ₽/м²,1,47.7 м²,12/45,Москва,"1-комн. квартира, 47,7 м², 12/45 этаж",https://www.cian.ru/cat.php?id_user=86432482&deal_type=sale&flat=yes&engine_version=2
8 400 000 ₽266 667 ₽/м²,1,31.5 м²,2/21,Москва,"1-комн. апартаменты, 31,5 м², 2/21 этаж",https://www.cian.ru/cat.php?id_user=96955&deal_type=sale&flat=yes&engine_version=2
16 500 000 ₽285 962 ₽/м²,3,57.7 м²,2/9,Москва,"3-комн. квартира, 57,7 м², 2/9 этаж",https://www.cian.ru/cat.php?id_user=96955&deal_type=sale&flat=yes&engine_version=2
8 500 000 ₽371 179 ₽/м²,1,22.9 м²,7/11,Москва,"1-комн. квартира, 22,9 м², 7/11 этаж",https://www.cian.ru/cat.php?id_user=251984&deal_type=sale&flat=yes&engine_version=2
23 500 000 ₽373 016 ₽/м²,2,63 м²,27/33,Москва,"2-комн. квартира, 63 м², 27/33 этаж",https://www.cian.ru/cat.php?id_user=12696435&deal_type=sale&flat=yes&engine_version=2
8 700 000 ₽373 391 ₽/м²,1,23.3 м²,13/18,Москва,"1-комн. квартира, 23,3 м², 13/18 этаж",https://www.cian.ru/cat.php?id_user=86432482&deal_type=sale&flat=yes&engine_version=2
14 800 000 ₽435 294 ₽/м²,1,34 м²,6/17,Москва,"1-комн. квартира, 34 м², 6/17 этаж",https://www.cian.ru/cat.php?id_user=49314598&deal_type=sale&flat=yes&engine_version=2
8 900 000 ₽134 238 ₽/м²,—,66.3 м²,2,Москва,"2/3 квартиры, 66,3 м², 10/16 этаж",https://www.cian.ru/cat.php?id_user=17817&deal_type=sale&flat=yes&engine_version=2
14 800 000 ₽435 294 ₽/м²,1,34 м²,6/17,Москва,"1-комн. квартира, 34 м², 6/17 этаж",https://www.cian.ru/cat.php?id_user=49314598&deal_type=sale&flat=yes&engine_version=2
13 500 000 ₽190 141 ₽/м²,3,71 м²,2/3,Москва,"3-комн. квартира, 71 м², 2/3 этаж",https://www.cian.ru/cat.php?id_user=454&deal_type=sale&flat=yes&engine_version=2
13 500 000 ₽387 931 ₽/м²,1,34.8 м²,8/12,Москва,"1-комн. квартира, 34,8 м², 8/12 этаж",https://www.cian.ru/cat.php?id_user=32261&deal_type=sale&flat=yes&engine_version=2
12 200 000 ₽307 305 ₽/м²,1,39.7 м²,14/14,Москва,"1-комн. квартира, 39,7 м², 14/14 этаж",https://www.cian.ru/cat.php?id_user=49314598&deal_type=sale&flat=yes&engine_version=2
21 600 000 ₽542 714 ₽/м²,1,39.8 м²,10/17,Москва,"1-комн. апартаменты, 39,8 м², 10/17 этаж",https://www.cian.ru/cat.php?id_user=17817&deal_type=sale&flat=yes&engine_version=2
14 950 000 ₽398 667 ₽/м²,1,37.5 м²,2/25,Москва,"1-комн. квартира, 37,5 м², 2/25 этаж",https://www.cian.ru/cat.php?id_user=12323908&deal_type=sale&flat=yes&engine_version=2
20 455 650 ₽520 500 ₽/м²,1,39.3 м²,1/9,Москва,"1-комн. квартира, 39,3 м², 1/9 этаж",https://www.cian.ru/cat.php?id_user=135829611&deal_type=sale&flat=yes&engine_version=2
16 900 000 ₽331 373 ₽/м²,2,51 м²,1/12,Москва,"2-комн. квартира, 51 м², 1/12 этаж",https://www.cian.ru/cat.php?id_user=127259664&deal_type=sale&flat=yes&engine_version=2
20 500 000 ₽370 036 ₽/м²,3,55.4 м²,1/5,Москва,"3-комн. квартира, 55,4 м², 1/5 этаж",https://www.cian.ru/cat.php?id_user=11377709&deal_type=sale&flat=yes&engine_version=2
13 500 000 ₽313 953 ₽/м²,2,43 м²,2/9,Москва,"2-комн. квартира, 43 м², 2/9 этаж",https://www.cian.ru/cat.php?id_user=454&deal_type=sale&flat=yes&engine_version=2
15 500 000 ₽369 928 ₽/м²,1,41.9 м²,19/23,Москва,"1-комн. квартира, 41,9 м², 19/23 этаж",https://www.cian.ru/cat.php?id_user=12323908&deal_type=sale&flat=yes&engine_version=2
24 000 000 ₽403 361 ₽/м²,2,59.5 м²,9/16,Москва,"2-комн. квартира, 59,5 м², 9/16 этаж",https://www.cian.ru/cat.php?id_user=32261&deal_type=sale&flat=yes&engine_version=2
23 500 000 ₽418 149 ₽/м²,2,56.2 м²,11/15,Москва,"2-комн. кв., 56.2 м², 11/15 эт",https://www.cian.ru/cat.php?id_user=11048289&deal_type=sale&flat=yes&engine_version=2
10 900 000 ₽341 693 ₽/м²,1,31.9 м²,6/12,Москва,"1-комн. квартира, 31,9 м², 6/12 этаж",https://www.cian.ru/cat.php?id_user=82693587&deal_type=sale&flat=yes&engine_version=2
20 200 000 ₽379 699 ₽/м²,2,53.2 м²,11/42,Москва,"2-комн. квартира, 53,2 м², 11/42 этаж",https://www.cian.ru/cat.php?id_user=12696435&deal_type=sale&flat=yes&engine_version=2
15 000 000 ₽372 208 ₽/м²,2,40.3 м²,7/9,Москва,"2-комн. квартира, 40,3 м², 7/9 этаж",https://www.cian.ru/cat.php?id_user=86432482&deal_type=sale&flat=yes&engine_version=2
20 500 000 ₽294 118 ₽/м²,2,69.7 м²,3/27,Москва,"2-комн. квартира, 69,7 м², 3/27 этаж",https://www.cian.ru/cat.php?id_user=96035971&deal_type=sale&flat=yes&engine_version=2
11 000 000 ₽305 556 ₽/м²,1,36 м²,6/12,Москва,"1-комн. квартира, 36 м², 6/12 этаж",https://www.cian.ru/cat.php?id_user=96035971&deal_type=sale&flat=yes&engine_version=2
15 890 000 ₽273 494 ₽/м²,3,58.1 м²,1/9,Москва,"3-комн. квартира, 58,1 м², 1/9 этаж",https://www.cian.ru/cat.php?id_user=17950754&deal_type=sale&flat=yes&engine_version=2
10 000 000 ₽316 456 ₽/м²,1,31.6 м²,13/17,Москва,"1-комн. квартира, 31,6 м², 13/17 этаж",https://www.cian.ru/cat.php?id_user=49314598&deal_type=sale&flat=yes&engine_version=2
12 600 000 ₽333 333 ₽/м²,1,37.8 м²,7/35,Москва,"1-комн. апартаменты, 37,8 м², 7/35 этаж",https://www.cian.ru/cat.php?id_user=11048289&deal_type=sale&flat=yes&engine_version=2
10 200 000 ₽289 773 ₽/м²,1,35.2 м²,2/12,Москва,"1-комн. квартира, 35,2 м², 2/12 этаж",https://www.cian.ru/cat.php?id_user=53927433&deal_type=sale&flat=yes&engine_version=2
19 990 000 ₽526 053 ₽/м²,1,38 м²,9/12,Москва,"1-комн. апартаменты, 38 м², 9/12 этаж",https://www.cian.ru/cat.php?id_user=37679&deal_type=sale&flat=yes&engine_version=2
10 400 000 ₽335 484 ₽/м²,1,31 м²,10/17,Москва,"1-комн. квартира, 31 м², 10/17 этаж",https://www.cian.ru/cat.php?id_user=17950754&deal_type=sale&flat=yes&engine_version=2
22 000 000 ₽594 595 ₽/м²,1,37 м²,5/27,Москва,"1-комн. квартира, 37 м², 5/27 этаж",https://www.cian.ru/cat.php?id_user=96955&deal_type=sale&flat=yes&engine_version=2
10 500 000 ₽381 818 ₽/м²,1,27.5 м²,6/12,Москва,"1-комн. квартира, 27,5 м², 6/12 этаж",https://www.cian.ru/cat.php?id_user=80422298&deal_type=sale&flat=yes&engine_version=2
23 500 000 ₽522 222 ₽/м²,1,45 м²,1/17,Москва,"1-комн. квартира, 45 м², 1/17 этаж",https://www.cian.ru/cat.php?id_user=9679252&deal_type=sale&flat=yes&engine_version=2
10 500 000 ₽388 889 ₽/м²,1,27 м²,9/9,Москва,"1-комн. квартира, 27 м², 9/9 этаж",https://www.cian.ru/cat.php?id_user=12696435&deal_type=sale&flat=yes&engine_version=2
15 000 000 ₽471 698 ₽/м²,1,31.8 м²,8/12,Москва,"Стильная 1-комн. кв., 31.8 м²",https://www.cian.ru/cat.php?id_user=11048289&deal_type=sale&flat=yes&engine_version=2
10 500 000 ₽276 316 ₽/м²,1,38 м²,16/17,Москва,"1-комн. квартира, 38 м², 16/17 этаж",https://www.cian.ru/cat.php?id_user=9679252&deal_type=sale&flat=yes&engine_version=2
24 700 000 ₽595 181 ₽/м²,1,41.5 м²,25/30,Москва,"1-комн. квартира, 41,5 м², 25/30 этаж",https://www.cian.ru/cat.php?id_user=78134362&deal_type=sale&flat=yes&engine_version=2
10 700 000 ₽611 429 ₽/м²,1,17.5 м²,10/21,Москва,"1-комн. апартаменты, 17,5 м², 10/21 этаж",https://www.cian.ru/cat.php?id_user=96955&deal_type=sale&flat=yes&engine_version=2
13 900 000 ₽324 009 ₽/м²,1,42.9 м²,10/25,Москва,"1-комн. апартаменты, 42,9 м², 10/25 этаж",https://www.cian.ru/cat.php?id_user=13407553&deal_type=sale&flat=yes&engine_version=2
10 800 000 ₽329 268 ₽/м²,1,32.8 м²,3/9,Москва,"1-комн. квартира, 32,8 м², 3/9 этаж",https://www.cian.ru/cat.php?id_user=21099&deal_type=sale&flat=yes&engine_version=2
13 000 000 ₽481 481 ₽/м²,1,27 м²,24/44,Москва,"1-комн. квартира, 27 м², 24/44 этаж",https://www.cian.ru/cat.php?id_user=86432482&deal_type=sale&flat=yes&engine_version=2
10 900 000 ₽280 928 ₽/м²,1,38.8 м²,6/12,Москва,"1-комн. квартира, 38,8 м², 6/12 этаж",https://www.cian.ru/cat.php?id_user=12696435&deal_type=sale&flat=yes&engine_version=2
11 950 000 ₽316 976 ₽/м²,1,37.7 м²,21/23,Москва,"1-комн. апартаменты, 37,7 м², 21/23 этаж",https://www.cian.ru/cat.php?id_user=96955&deal_type=sale&flat=yes&engine_version=2
10 900 000 ₽341 693 ₽/м²,1,31.9 м²,6/12,Москва,"1-комн. квартира, 31,9 м², 6/12 этаж",https://www.cian.ru/cat.php?id_user=82693587&deal_type=sale&flat=yes&engine_version=2
12 600 000 ₽333 333 ₽/м²,1,37.8 м²,7/35,Москва,"1-комн. апартаменты, 37,8 м², 7/35 этаж",https://www.cian.ru/cat.php?id_user=11048289&deal_type=sale&flat=yes&engine_version=2
10 600 000 ₽286 486 ₽/м²,1,37 м²,3/17,Москва,"1-комн. апартаменты, 37 м², 3/17 этаж",https://www.cian.ru/cat.php?id_user=49314598&deal_type=sale&flat=yes&engine_version=2
19 990 000 ₽526 053 ₽/м²,1,38 м²,9/12,Москва,"1-комн. апартаменты, 38 м², 9/12 этаж",https://www.cian.ru/cat.php?id_user=37679&deal_type=sale&flat=yes&engine_version=2
22 500 000 ₽619 835 ₽/м²,1,36.3 м²,3/27,Москва,"1-комн. квартира, 36,3 м², 3/27 этаж",https://www.cian.ru/cat.php?id_user=50974643&deal_type=sale&flat=yes&engine_version=2
15 785 000 ₽308 904 ₽/м²,2,51.1 м²,5/17,Москва,"2-комн. апартаменты, 51,1 м², 5/17 этаж",https://www.cian.ru/cat.php?id_user=96475243&deal_type=sale&flat=yes&engine_version=2
26 000 000 ₽604 651 ₽/м²,2,43 м²,30/51,Москва,"2-комн. квартира, 43 м², 30/51 этаж",https://www.cian.ru/cat.php?id_user=185313&deal_type=sale&flat=yes&engine_version=2
22 000 000 ₽594 595 ₽/м²,1,37 м²,5/27,Москва,"1-комн. квартира, 37 м², 5/27 этаж",https://www.cian.ru/cat.php?id_user=96955&deal_type=sale&flat=yes&engine_version=2
9 950 000 ₽284 286 ₽/м²,1,35 м²,7/12,Москва,"1-комн. квартира, 35 м², 7/12 этаж",https://www.cian.ru/cat.php?id_user=32261&deal_type=sale&flat=yes&engine_version=2
23 500 000 ₽522 222 ₽/м²,1,45 м²,1/17,Москва,"1-комн. квартира, 45 м², 1/17 этаж",https://www.cian.ru/cat.php?id_user=9679252&deal_type=sale&flat=yes&engine_version=2
16 500 000 ₽500 000 ₽/м²,1,33 м²,13/22,Москва,"1-комн. квартира, 33 м², 13/22 этаж",https://www.cian.ru/cat.php?id_user=49314598&deal_type=sale&flat=yes&engine_version=2
15 000 000 ₽471 698 ₽/м²,1,31.8 м²,8/12,Москва,"Стильная 1-комн. кв., 31.8 м²",https://www.cian.ru/cat.php?id_user=11048289&deal_type=sale&flat=yes&engine_version=2
12 600 000 ₽343 324 ₽/м²,1,36.7 м²,14/26,Москва,"1-комн. квартира, 36,7 м², 14/26 этаж",https://www.cian.ru/cat.php?id_user=17817&deal_type=sale&flat=yes&engine_version=2
13 900 000 ₽324 009 ₽/м²,1,42.9 м²,10/25,Москва,"1-комн. апартаменты, 42,9 м², 10/25 этаж",https://www.cian.ru/cat.php?id_user=13407553&deal_type=sale&flat=yes&engine_version=2
14 950 000 ₽382 353 ₽/м²,2,39.1 м²,1/8,Москва,"2-комн. кв., 39.1 м², 1/8 этаж",https://www.cian.ru/cat.php?id_user=11048289&deal_type=sale&flat=yes&engine_version=2
13 000 000 ₽481 481 ₽/м²,1,27 м²,24/44,Москва,"1-комн. квартира, 27 м², 24/44 этаж",https://www.cian.ru/cat.php?id_user=86432482&deal_type=sale&flat=yes&engine_version=2
18 790 000 ₽298 254 ₽/м²,2,63 м²,10/31,Москва,"2-комн. квартира, 63 м², 10/31 этаж",https://www.cian.ru/cat.php?id_user=38745696&deal_type=sale&flat=yes&engine_version=2
11 950 000 ₽316 976 ₽/м²,1,37.7 м²,21/23,Москва,"1-комн. апартаменты, 37,7 м², 21/23 этаж",https://www.cian.ru/cat.php?id_user=96955&deal_type=sale&flat=yes&engine_version=2
16 790 000 ₽239 857 ₽/м²,3,70 м²,18/25,Москва,"3-комн. квартира, 70 м², 18/25 этаж",https://www.cian.ru/cat.php?id_user=134796&deal_type=sale&flat=yes&engine_version=2
17 000 000 ₽456 989 ₽/м²,1,37.2 м²,2/17,Москва,"1-комн. квартира, 37,2 м², 2/17 этаж",https://www.cian.ru/cat.php?id_user=48505858&deal_type=sale&flat=yes&engine_version=2
16 790 000 ₽239 857 ₽/м²,3,70 м²,18/25,Москва,"3-комн. квартира, 70 м², 18/25 этаж",https://www.cian.ru/cat.php?id_user=134796&deal_type=sale&flat=yes&engine_version=2
17 500 000 ₽440 806 ₽/м²,2,39.7 м²,6/16,Москва,"2-комн. квартира, 39,7 м², 6/16 этаж",https://www.cian.ru/cat.php?id_user=12696435&deal_type=sale&flat=yes&engine_version=2
26 900 000 ₽689 744 ₽/м²,2,39 м²,12/20,Москва,"2-комн. квартира, 39 м², 12/20 этаж",https://www.cian.ru/cat.php?id_user=1663426&deal_type=sale&flat=yes&engine_version=2
14 490 000 ₽439 091 ₽/м²,1,33 м²,4/7,Москва,Однокомнатный Апартамент! ТОП!,https://www.cian.ru/cat.php?id_user=7178164&deal_type=sale&flat=yes&engine_version=2
12 300 000 ₽349 432 ₽/м²,2,35.2 м²,9/16,Москва,"2-комн. квартира, 35,2 м², 9/16 этаж",https://www.cian.ru/cat.php?id_user=454&deal_type=sale&flat=yes&engine_version=2
16 900 000 ₽286 441 ₽/м²,2,59 м²,12/17,Москва,"2-комн. квартира, 59 м², 12/17 этаж",https://www.cian.ru/cat.php?id_user=32261&deal_type=sale&flat=yes&engine_version=2
15 000 000 ₽382 653 ₽/м²,2,39.2 м²,10/12,Москва,"2-комн. квартира, 39,2 м², 10/12 этаж",https://www.cian.ru/cat.php?id_user=107948029&deal_type=sale&flat=yes&engine_version=2
23 990 000 ₽681 534 ₽/м²,1,35.2 м²,6/20,Москва,"1-комн. квартира, 35,2 м², 6/20 этаж",https://www.cian.ru/cat.php?id_user=96955&deal_type=sale&flat=yes&engine_version=2
18 600 000 ₽523 944 ₽/м²,1,35.5 м²,9/32,Москва,"1-комн. квартира, 35,5 м², 9/32 этаж",https://www.cian.ru/cat.php?id_user=99633446&deal_type=sale&flat=yes&engine_version=2
24 490 000 ₽462 075 ₽/м²,2,53 м²,17/30,Москва,"2-комн. апартаменты, 53 м², 17/30 этаж",https://www.cian.ru/cat.php?id_user=96955&deal_type=sale&flat=yes&engine_version=2
14 500 000 ₽391 892 ₽/м²,1,37 м²,4/9,Москва,"1-комн. квартира, 37 м², 4/9 этаж",https://www.cian.ru/cat.php?id_user=10913832&deal_type=sale&flat=yes&engine_version=2
13 500 000 ₽320 665 ₽/м²,2,42.1 м²,1/9,Москва,"2-комн. квартира, 42,1 м², 1/9 этаж",https://www.cian.ru/cat.php?id_user=32261&deal_type=sale&flat=yes&engine_version=2
17 500 000 ₽349 301 ₽/м²,2,50.1 м²,2/16,Москва,"2-комн. квартира, 50,1 м², 2/16 этаж",https://www.cian.ru/cat.php?id_user=12696435&deal_type=sale&flat=yes&engine_version=2
14 000 000 ₽346 535 ₽/м²,1,40.4 м²,5/21,Москва,"1-комн. апартаменты, 40,4 м², 5/21 этаж",https://www.cian.ru/cat.php?id_user=96955&deal_type=sale&flat=yes&engine_version=2
26 700 000 ₽702 632 ₽/м²,1,38 м²,19/22,Москва,"1-комн. квартира, 38 м², 19/22 этаж",https://www.cian.ru/cat.php?id_user=48341215&deal_type=sale&flat=yes&engine_version=2
10 700 000 ₽611 429 ₽/м²,1,17.5 м²,10/21,Москва,"1-комн. апартаменты, 17,5 м², 10/21 этаж",https://www.cian.ru/cat.php?id_user=96955&deal_type=sale&flat=yes&engine_version=2
21 400 000 ₽301 834 ₽/м²,3,70.9 м²,13/19,Москва,"3-комн. квартира, 70,9 м², 13/19 этаж",https://www.cian.ru/cat.php?id_user=9679252&deal_type=sale&flat=yes&engine_version=2
27 500 000 ₽532 946 ₽/м²,2,51.6 м²,4/37,Москва,"2-комн. квартира, 51,6 м², 4/37 этаж",https://www.cian.ru/cat.php?id_user=12529436&deal_type=sale&flat=yes&engine_version=2
7 350 000 ₽159 783 ₽/м²,1,46 м²,5/9,Москва,"1-комн. квартира, 46 м², 5/9 этаж",https://www.cian.ru/cat.php?id_user=12323908&deal_type=sale&flat=yes&engine_version=2
10 700 000 ₽611 429 ₽/м²,1,17.5 м²,10/21,Москва,"1-комн. апартаменты, 17,5 м², 10/21 этаж",https://www.cian.ru/cat.php?id_user=96955&deal_type=sale&flat=yes&engine_version=2
24 000 000 ₽595 533 ₽/м²,1,40.3 м²,2/6,Москва,"1-комн. квартира, 40,3 м², 2/6 этаж",https://www.cian.ru/cat.php?id_user=59753183&deal_type=sale&flat=yes&engine_version=2
27 500 000 ₽532 946 ₽/м²,2,51.6 м²,4/37,Москва,"2-комн. квартира, 51,6 м², 4/37 этаж",https://www.cian.ru/cat.php?id_user=12529436&deal_type=sale&flat=yes&engine_version=2
18 800 000 ₽410 480 ₽/м²,1,45.8 м²,21/30,Москва,"1-комн. квартира, 45,8 м², 21/30 этаж",https://www.cian.ru/cat.php?id_user=454&deal_type=sale&flat=yes&engine_version=2
12 590 000 ₽408 766 ₽/м²,1,30.8 м²,15/22,Москва,"1-комн. квартира, 30,8 м², 15/22 этаж",https://www.cian.ru/cat.php?id_user=86432482&deal_type=sale&flat=yes&engine_version=2
10 800 000 ₽329 268 ₽/м²,1,32.8 м²,3/9,Москва,"1-комн. квартира, 32,8 м², 3/9 этаж",https://www.cian.ru/cat.php?id_user=21099&deal_type=sale&flat=yes&engine_version=2
14 400 000 ₽178 439 ₽/м²,4,80.7 м²,6/10,Москва,"4-комн. квартира, 80,7 м², 6/10 этаж",https://www.cian.ru/cat.php?id_user=45262586&deal_type=sale&flat=yes&engine_version=2
15 860 000 ₽254 575 ₽/м²,3,62.3 м²,6/12,Москва,"3к кв., 62.3 м² в Отрадном",https://www.cian.ru/cat.php?id_user=11048289&deal_type=sale&flat=yes&engine_version=2
19 500 000 ₽422 993 ₽/м²,1,46.1 м²,4/25,Москва,"1-комн. апартаменты, 46,1 м², 4/25 этаж",https://www.cian.ru/cat.php?id_user=11048289&deal_type=sale&flat=yes&engine_version=2
18 000 000 ₽500 000 ₽/м²,2,36 м²,5/12,Москва,"2-комн. квартира, 36 м², 5/12 этаж",https://www.cian.ru/cat.php?id_user=12208684&deal_type=sale&flat=yes&engine_version=2
13 300 000 ₽359 459 ₽/м²,1,37 м²,5/16,Москва,"1-комн. квартира, 37 м², 5/16 этаж",https://www.cian.ru/cat.php?id_user=134796&deal_type=sale&flat=yes&engine_version=2
17 550 000 ₽417 857 ₽/м²,2,42 м²,5/5,Москва,Продаётся 2-комнатная квартира,https://www.cian.ru/cat.php?id_user=107948029&deal_type=sale&flat=yes&engine_version=2
21 000 000 ₽266 160 ₽/м²,2,78.9 м²,3/7,Москва,"2-комн. апартаменты, 78,9 м², 3/7 этаж",https://www.cian.ru/cat.php?id_user=96955&deal_type=sale&flat=yes&engine_version=2
24 800 000 ₽576 744 ₽/м²,1,43 м²,18/31,Москва,"1-комн. квартира, 43 м², 18/31 этаж",https://www.cian.ru/cat.php?id_user=96955&deal_type=sale&flat=yes&engine_version=2
17 000 000 ₽379 464 ₽/м²,2,44.8 м²,9/9,Москва,"2-комн. квартира, 44,8 м², 9/9 этаж",https://www.cian.ru/cat.php?id_user=96035971&deal_type=sale&flat=yes&engine_version=2
22 500 000 ₽511 364 ₽/м²,1,44 м²,3/17,Москва,"1-комн. квартира, 44 м², 3/17 этаж",https://www.cian.ru/cat.php?id_user=527019&deal_type=sale&flat=yes&engine_version=2
14 230 000 ₽459 032 ₽/м²,1,31 м²,9/18,Москва,евро двухкомнатные апартаменты,https://www.cian.ru/cat.php?id_user=95363058&deal_type=sale&flat=yes&engine_version=2
24 900 000 ₽507 128 ₽/м²,2,49.1 м²,2/23,Москва,"2-комн. квартира, 49,1 м², 2/23 этаж",https://www.cian.ru/cat.php?id_user=86432482&deal_type=sale&flat=yes&engine_version=2
24 990 000 ₽352 468 ₽/м²,2,70.9 м²,43/44,Москва,"2-комн. квартира, 70,9 м², 43/44 этаж",https://www.cian.ru/cat.php?id_user=86432482&deal_type=sale&flat=yes&engine_version=2
25 000 000 ₽461 255 ₽/м²,3,54.2 м²,10/15,Москва,"3-комн. квартира, 54,2 м², 10/15 этаж",https://www.cian.ru/cat.php?id_user=86432482&deal_type=sale&flat=yes&engine_version=2
25 000 000 ₽714 286 ₽/м²,2,35 м²,10/30,Москва,"2-комн. квартира, 35 м², 10/30 этаж",https://www.cian.ru/cat.php?id_user=32261&deal_type=sale&flat=yes&engine_version=2
25 000 000 ₽238 095 ₽/м²,3,105 м²,18/25,Москва,"3-комн. квартира, 105 м², 18/25 этаж",https://www.cian.ru/cat.php?id_user=9679252&deal_type=sale&flat=yes&engine_version=2
25 000 000 ₽447 227 ₽/м²,1,55.9 м²,15/17,Москва,"1-комн. квартира, 55,9 м², 15/17 этаж",https://www.cian.ru/cat.php?id_user=454&deal_type=sale&flat=yes&engine_version=2
25 000 000 ₽618 812 ₽/м²,1,40.4 м²,22/22,Москва,"1-комн. квартира, 40,4 м², 22/22 этаж",https://www.cian.ru/cat.php?id_user=90136494&deal_type=sale&flat=yes&engine_version=2
25 400 000 ₽263 759 ₽/м²,4,96.3 м²,4/5,Москва,4-комнаты для счастья и уюта!,https://www.cian.ru/cat.php?id_user=11048289&deal_type=sale&flat=yes&engine_version=2
25 500 000 ₽370 102 ₽/м²,3,68.9 м²,4/14,Москва,"3-комн. квартира, 68,9 м², 4/14 этаж",https://www.cian.ru/cat.php?id_user=96955&deal_type=sale&flat=yes&engine_version=2
25 490 000 ₽637 250 ₽/м²,1,40 м²,16/50,Москва,"1-комн. квартира, 40 м², 16/50 этаж",https://www.cian.ru/cat.php?id_user=96955&deal_type=sale&flat=yes&engine_version=2
25 500 000 ₽375 000 ₽/м²,3,68 м²,7/9,Москва,"3-комн. квартира, 68 м², 7/9 этаж",https://www.cian.ru/cat.php?id_user=374032&deal_type=sale&flat=yes&engine_version=2
25 500 000 ₽566 667 ₽/м²,1,45 м²,2/13,Москва,"1-комн. квартира, 45 м², 2/13 этаж",https://www.cian.ru/cat.php?id_user=13407553&deal_type=sale&flat=yes&engine_version=2
25 499 000 ₽258 611 ₽/м²,4,98.6 м²,26/26,Москва,"4-ком. кв., 98.6 м², 26/26 эт.",https://www.cian.ru/cat.php?id_user=11048289&deal_type=sale&flat=yes&engine_version=2
25 500 000 ₽456 989 ₽/м²,3,55.8 м²,2/9,Москва,"3-комн. квартира, 55,8 м², 2/9 этаж",https://www.cian.ru/cat.php?id_user=17817&deal_type=sale&flat=yes&engine_version=2
25 900 000 ₽740 000 ₽/м²,1,35 м²,6/16,Москва,"1-комн. квартира, 35 м², 6/16 этаж",https://www.cian.ru/cat.php?id_user=96955&deal_type=sale&flat=yes&engine_version=2
25 700 000 ₽480 374 ₽/м²,2,53.5 м²,16/16,Москва,"2-комн. квартира, 53,5 м², 16/16 этаж",https://www.cian.ru/cat.php?id_user=86432482&deal_type=sale&flat=yes&engine_version=2
25 699 999 ₽622 276 ₽/м²,1,41.3 м²,11/20,Москва,"1-комн. квартира, 41,3 м², 11/20 этаж",https://www.cian.ru/cat.php?id_user=11048289&deal_type=sale&flat=yes&engine_version=2
25 700 000 ₽480 374 ₽/м²,2,53.5 м²,16/16,Москва,"2-комн. квартира, 53,5 м², 16/16 этаж",https://www.cian.ru/cat.php?id_user=86432482&deal_type=sale&flat=yes&engine_version=2
25 900 000 ₽242 509 ₽/м²,4,106.8 м²,15/22,Москва,"4-комн. квартира, 106,8 м², 15/22 этаж",https://www.cian.ru/cat.php?id_user=12696435&deal_type=sale&flat=yes&engine_version=2
25 800 000 ₽659 847 ₽/м²,1,39.1 м²,8/29,Москва,"1-комн. квартира, 39,1 м², 8/29 этаж",https://www.cian.ru/cat.php?id_user=69180&deal_type=sale&flat=yes&engine_version=2
26 000 000 ₽648 379 ₽/м²,1,40.1 м²,2/34,Москва,"1-комн. квартира, 40,1 м², 2/34 этаж",https://www.cian.ru/cat.php?id_user=21381&deal_type=sale&flat=yes&engine_version=2
26 110 000 ₽643 103 ₽/м²,1,40.6 м²,23/28,Москва,"1-комн. квартира, 40,6 м², 23/28 этаж",https://www.cian.ru/cat.php?id_user=49314598&deal_type=sale&flat=yes&engine_version=2
25 990 000 ₽624 760 ₽/м²,1,41.6 м²,4/50,Москва,"1-комн. квартира, 41,6 м², 4/50 этаж",https://www.cian.ru/cat.php?id_user=96955&deal_type=sale&flat=yes&engine_version=2
26 000 000 ₽348 525 ₽/м²,3,74.6 м²,14/14,Москва,"3-комн. квартира, 74,6 м², 14/14 этаж",https://www.cian.ru/cat.php?id_user=104340&deal_type=sale&flat=yes&engine_version=2
26 000 000 ₽356 164 ₽/м²,2,73 м²,16/30,Москва,"2-комн. квартира, 73 м², 16/30 этаж",https://www.cian.ru/cat.php?id_user=86432482&deal_type=sale&flat=yes&engine_version=2
26 000 000 ₽324 190 ₽/м²,3,80.2 м²,8/29,Москва,"3-комн. квартира, 80,2 м², 8/29 этаж",https://www.cian.ru/cat.php?id_user=48505858&deal_type=sale&flat=yes&engine_version=2
26 500 000 ₽736 111 ₽/м²,1,36 м²,1/5,Москва,"1-комн. квартира, 36 м², 1/5 этаж",https://www.cian.ru/cat.php?id_user=12297120&deal_type=sale&flat=yes&engine_version=2
26 500 000 ₽452 991 ₽/м²,2,58.5 м²,15/25,Москва,"2-комн. квартира, 58,5 м², 15/25 этаж",https://www.cian.ru/cat.php?id_user=12696435&deal_type=sale&flat=yes&engine_version=2
26 500 000 ₽361 528 ₽/м²,3,73.3 м²,8/16,Москва,"3-комн. квартира, 73,3 м², 8/16 этаж",https://www.cian.ru/cat.php?id_user=96955&deal_type=sale&flat=yes&engine_version=2
26 500 000 ₽485 348 ₽/м²,3,54.6 м²,27/38,Москва,"3-комн. квартира, 54,6 м², 27/38 этаж",https://www.cian.ru/cat.php?id_user=64260&deal_type=sale&flat=yes&engine_version=2
26 500 000 ₽307 068 ₽/м²,3,86.3 м²,2/6,Москва,"3-к. квартира, 86,3 м², 2/6 эт.",https://www.cian.ru/cat.php?id_user=78134362&deal_type=sale&flat=yes&engine_version=2
26 990 000 ₽350 065 ₽/м²,2,77.1 м²,2/7,Москва,"2-комн. квартира, 77,1 м², 2/7 этаж",https://www.cian.ru/cat.php?id_user=15964027&deal_type=sale&flat=yes&engine_version=2
26 700 000 ₽620 930 ₽/м²,1,43 м²,2/18,Москва,"1-комн. апартаменты, 43 м², 2/18 этаж",https://www.cian.ru/cat.php?id_user=32261&deal_type=sale&flat=yes&engine_version=2
26 900 000 ₽533 730 ₽/м²,2,50.4 м²,2/10,Москва,"2-комн. квартира, 50,4 м², 2/10 этаж",https://www.cian.ru/cat.php?id_user=32261&deal_type=sale&flat=yes&engine_version=2
26 900 000 ₽364 993 ₽/м²,3,73.7 м²,16/17,Москва,"3-комн. квартира, 73,7 м², 16/17 этаж",https://www.cian.ru/cat.php?id_user=9679252&deal_type=sale&flat=yes&engine_version=2
26 800 000 ₽268 268 ₽/м²,4,99.9 м²,7/22,Москва,"4-комн. квартира, 99,9 м², 7/22 этаж",https://www.cian.ru/cat.php?id_user=9679252&deal_type=sale&flat=yes&engine_version=2
26 800 000 ₽396 450 ₽/м²,3,67.6 м²,15/17,Москва,"3-комн. квартира, 67,6 м², 15/17 этаж",https://www.cian.ru/cat.php?id_user=107948029&deal_type=sale&flat=yes&engine_version=2
26 799 000 ₽348 945 ₽/м²,3,76.8 м²,3/14,Москва,"3-комн. кв., 76.8 м², 3/14 эт",https://www.cian.ru/cat.php?id_user=11048289&deal_type=sale&flat=yes&engine_version=2
26 800 000 ₽360 700 ₽/м²,3,74.3 м²,1/5,Москва,3-комнатная квартира,https://www.cian.ru/cat.php?id_user=111992458&deal_type=sale&flat=yes&engine_version=2
27 200 000 ₽647 619 ₽/м²,2,42 м²,14/41,Москва,"2-комн. квартира, 42 м², 14/41 этаж",https://www.cian.ru/cat.php?id_user=96955&deal_type=sale&flat=yes&engine_version=2
27 000 000 ₽207 692 ₽/м²,4,130 м²,6/9,Москва,"4-комн. квартира, 130 м², 6/9 этаж",https://www.cian.ru/cat.php?id_user=99896812&deal_type=sale&flat=yes&engine_version=2
27 000 000 ₽562 500 ₽/м²,2,48 м²,9/9,Москва,"2-комн. квартира, 48 м², 9/9 этаж",https://www.cian.ru/cat.php?id_user=10127440&deal_type=sale&flat=yes&engine_version=2
27 399 999 ₽652 381 ₽/м²,2,42 м²,6/10,Москва,"2-комн. квартира, 42 м², 6/10 этаж",https://www.cian.ru/cat.php?id_user=96955&deal_type=sale&flat=yes&engine_version=2
27 500 000 ₽372 629 ₽/м²,3,73.8 м²,1/17,Москва,"3-комн. квартира, 73,8 м², 1/17 этаж",https://www.cian.ru/cat.php?id_user=86432482&deal_type=sale&flat=yes&engine_version=2
27 990 000 ₽682 683 ₽/м²,1,41 м²,3/51,Москва,"1-комн. квартира, 41 м², 3/51 этаж",https://www.cian.ru/cat.php?id_user=96955&deal_type=sale&flat=yes&engine_version=2
27 900 000 ₽486 063 ₽/м²,2,57.4 м²,6/8,Москва,"2-комн. квартира, 57,4 м², 6/8 этаж",https://www.cian.ru/cat.php?id_user=96955&deal_type=sale&flat=yes&engine_version=2
28 000 000 ₽649 652 ₽/м²,2,43.1 м²,4/14,Москва,"2-комн. квартира, 43,1 м², 4/14 этаж",https://www.cian.ru/cat.php?id_user=413522&deal_type=sale&flat=yes&engine_version=2
28 000 000 ₽654 206 ₽/м²,1,42.8 м²,15/19,Москва,"1-комн. апартаменты, 42,8 м², 15/19 этаж",https://www.cian.ru/cat.php?id_user=13407553&deal_type=sale&flat=yes&engine_version=2
27 990 000 ₽608 478 ₽/м²,2,46 м²,18/33,Москва,"2-комн. квартира, 46 м², 18/33 этаж",https://www.cian.ru/cat.php?id_user=12856048&deal_type=sale&flat=yes&engine_version=2
27 900 000 ₽465 000 ₽/м²,2,60 м²,12/14,Москва,"2-комн. квартира, 60 м², 12/14 этаж",https://www.cian.ru/cat.php?id_user=454&deal_type=sale&flat=yes&engine_version=2
28 350 000 ₽691 463 ₽/м²,2,41 м²,7/59,Москва,"2-комн. квартира, 41 м², 7/59 этаж",https://www.cian.ru/cat.php?id_user=21381&deal_type=sale&flat=yes&engine_version=2
28 500 000 ₽463 415 ₽/м²,3,61.5 м²,20/20,Москва,"3-комн. квартира, 61,5 м², 20/20 этаж",https://www.cian.ru/cat.php?id_user=86432482&deal_type=sale&flat=yes&engine_version=2
28 500 000 ₽625 000 ₽/м²,1,45.6 м²,16/42,Москва,"1-комн. квартира, 45,6 м², 16/42 этаж",https://www.cian.ru/cat.php?id_user=134796&deal_type=sale&flat=yes&engine_version=2
28 400 000 ₽728 205 ₽/м²,1,39 м²,18/22,Москва,"1-комн. кв., 39 м², 18/22 этаж",https://www.cian.ru/cat.php?id_user=11048289&deal_type=sale&flat=yes&engine_version=2
28 600 000 ₽665 116 ₽/м²,1,43 м²,10/38,Москва,"1-комн. квартира, 43 м², 10/38 этаж",https://www.cian.ru/cat.php?id_user=96955&deal_type=sale&flat=yes&engine_version=2
28 900 000 ₽473 770 ₽/м²,2,61 м²,2/28,Москва,"2-комн. квартира, 61 м², 2/28 этаж",https://www.cian.ru/cat.php?id_user=17817&deal_type=sale&flat=yes&engine_version=2
28 700 000 ₽595 436 ₽/м²,2,48.2 м²,34/34,Москва,"2-комн. квартира, 48,2 м², 34/34 этаж",https://www.cian.ru/cat.php?id_user=12529436&deal_type=sale&flat=yes&engine_version=2
29 000 000 ₽390 310 ₽/м²,3,74.3 м²,3/17,Москва,"3-комн. квартира, 74,3 м², 3/17 этаж",https://www.cian.ru/cat.php?id_user=123860344&deal_type=sale&flat=yes&engine_version=2
29 200 000 ₽414 184 ₽/м²,2,70.5 м²,10/22,Москва,"2-комн. квартира, 70,5 м², 10/22 этаж",https://www.cian.ru/cat.php?id_user=96955&deal_type=sale&flat=yes&engine_version=2
29 000 000 ₽365 239 ₽/м²,3,79.4 м²,13/22,Москва,"3-комн. квартира, 79,4 м², 13/22 этаж",https://www.cian.ru/cat.php?id_user=96955&deal_type=sale&flat=yes&engine_version=2
29 000 000 ₽413 105 ₽/м²,3,70.2 м²,26/38,Москва,"3-комн. квартира, 70,2 м², 26/38 этаж",https://www.cian.ru/cat.php?id_user=17817&deal_type=sale&flat=yes&engine_version=2
29 000 000 ₽480 929 ₽/м²,2,60.3 м²,14/29,Москва,"2-комн. квартира, 60,3 м², 14/29 этаж",https://www.cian.ru/cat.php?id_user=86432482&deal_type=sale&flat=yes&engine_version=2
29 000 000 ₽483 333 ₽/м²,2,60 м²,5/14,Москва,"2-комн. квартира, 60 м², 5/14 этаж",https://www.cian.ru/cat.php?id_user=89915137&deal_type=sale&flat=yes&engine_version=2
29 500 000 ₽453 846 ₽/м²,3,65 м²,4/16,Москва,"3-комн. квартира, 65 м², 4/16 этаж",https://www.cian.ru/cat.php?id_user=14995&deal_type=sale&flat=yes&engine_version=2
29 499 000 ₽476 559 ₽/м²,2,61.9 м²,3/23,Москва,"2-комн. квартира, 61,9 м², 3/23 этаж",https://www.cian.ru/cat.php?id_user=454&deal_type=sale&flat=yes&engine_version=2
29 500 000 ₽483 607 ₽/м²,2,61 м²,2/23,Москва,"2-комн. квартира, 61 м², 2/23 этаж",https://www.cian.ru/cat.php?id_user=167060&deal_type=sale&flat=yes&engine_version=2
29 400 000 ₽506 897 ₽/м²,2,58 м²,3/8,Москва,"2-комн. квартира, 58 м², 3/8 этаж",https://www.cian.ru/cat.php?id_user=32261&deal_type=sale&flat=yes&engine_version=2
29 500 000 ₽431 918 ₽/м²,3,68.3 м²,5/8,Москва,"3-комн. кв., 68,3 м², 5/8 этаж",https://www.cian.ru/cat.php?id_user=11048289&deal_type=sale&flat=yes&engine_version=2
29 650 000 ₽553 172 ₽/м²,3,53.6 м²,6/8,Москва,"3-комн. квартира, 53,6 м², 6/8 этаж",https://www.cian.ru/cat.php?id_user=555841&deal_type=sale&flat=yes&engine_version=2
29 990 000 ₽588 039 ₽/м²,2,51 м²,10/21,Москва,"2-комн. квартира, 51 м², 10/21 этаж",https://www.cian.ru/cat.php?id_user=47921104&deal_type=sale&flat=yes&engine_version=2
30 000 000 ₽724 638 ₽/м²,1,41.4 м²,5/24,Москва,"1-комн. квартира, 41,4 м², 5/24 этаж",https://www.cian.ru/cat.php?id_user=13407553&deal_type=sale&flat=yes&engine_version=2
30 000 000 ₽731 707 ₽/м²,1,41 м²,11/22,Москва,"1-комн. квартира, 41 м², 11/22 этаж",https://www.cian.ru/cat.php?id_user=96955&deal_type=sale&flat=yes&engine_version=2
30 000 000 ₽705 882 ₽/м²,2,42.5 м²,4/7,Москва,"2-комн. квартира, 42,5 м², 4/7 этаж",https://www.cian.ru/cat.php?id_user=96955&deal_type=sale&flat=yes&engine_version=2
30 000 000 ₽539 568 ₽/м²,1,55.6 м²,10/19,Москва,"1-комн. квартира, 55,6 м², 10/19 этаж",https://www.cian.ru/cat.php?id_user=96955&deal_type=sale&flat=yes&engine_version=2
29 900 000 ₽293 137 ₽/м²,4,102 м²,13/22,Москва,"4-комн. квартира, 102 м², 13/22 этаж",https://www.cian.ru/cat.php?id_user=15561797&deal_type=sale&flat=yes&engine_version=2
29 990 000 ₽410 822 ₽/м²,3,73 м²,6/8,Москва,"3-комн. квартира, 73 м², 6/8 этаж",https://www.cian.ru/cat.php?id_user=53500&deal_type=sale&flat=yes&engine_version=2
29 950 000 ₽408 038 ₽/м²,2,73.4 м²,5/9,Москва,"2-комн. квартира, 73,4 м², 5/9 этаж",https://www.cian.ru/cat.php?id_user=86432482&deal_type=sale&flat=yes&engine_version=2
29 990 000 ₽508 305 ₽/м²,2,59 м²,24/47,Москва,"2-комн. квартира, 59 м², 24/47 этаж",https://www.cian.ru/cat.php?id_user=86432482&deal_type=sale&flat=yes&engine_version=2
29 990 000 ₽391 004 ₽/м²,3,76.7 м²,7/22,Москва,"3-комн. квартира, 76,7 м², 7/22 этаж",https://www.cian.ru/cat.php?id_user=86432482&deal_type=sale&flat=yes&engine_version=2
29 990 000 ₽527 993 ₽/м²,2,56.8 м²,15/16,Москва,"2-комн. квартира, 56,8 м², 15/16 этаж",https://www.cian.ru/cat.php?id_user=32261&deal_type=sale&flat=yes&engine_version=2
30 000 000 ₽937 500 ₽/м²,1,32 м²,51/54,Москва,"1-комн. квартира, 32 м², 51/54 этаж",https://www.cian.ru/cat.php?id_user=454&deal_type=sale&flat=yes&engine_version=2
30 000 000 ₽356 718 ₽/м²,2,84.1 м²,6/25,Москва,"2-комн. квартира, 84,1 м², 6/25 этаж",https://www.cian.ru/cat.php?id_user=99896812&deal_type=sale&flat=yes&engine_version=2
29 990 000 ₽363 515 ₽/м²,3,82.5 м²,7/8,Москва,"3-комн. квартира, 82,5 м², 7/8 этаж",https://www.cian.ru/cat.php?id_user=32261&deal_type=sale&flat=yes&engine_version=2
29 900 000 ₽362 424 ₽/м²,4,82.5 м²,4/5,Москва,"4-комн. квартира, 82,5 м², 4/5 этаж",https://www.cian.ru/cat.php?id_user=32261&deal_type=sale&flat=yes&engine_version=2
30 000 000 ₽417 246 ₽/м²,2,71.9 м²,9/9,Москва,"2-комн. апартаменты, 71,9 м², 9/9 этаж",https://www.cian.ru/cat.php?id_user=13460140&deal_type=sale&flat=yes&engine_version=2
30 000 000 ₽750 000 ₽/м²,2,40 м²,3/5,Москва,"2-комн. апартаменты, 40 м², 3/5 этаж",https://www.cian.ru/cat.php?id_user=111992458&deal_type=sale&flat=yes&engine_version=2
